Serial Number,Company Name,Employee Markme,Description,Leave,Phone,Address,Time in Role
9.79E+12,TALES OF SHIVA,Mark,mark,0,480-505-8877,12365 N. Yesterday Ln. ,15 Years
9.78E+12,1Q84 THE COMPLETE TRILOGY,HARUKI MURAKAMI,Mark,0,480-505-8878,12366 N. Yesterday Ln. ,16 Years
9.78E+12,MY KUMAN,Mark,Mark,0,480-505-8879,12367 N. Yesterday Ln. ,17 Years
9.78E+12,THE GOD OF SMAAL THINGS,ARUNDHATI ROY,4TH HARPER COLLINS,2,480-505-8880,12368 N. Yesterday Ln. ,18 Years
9.78E+12,THE BLACK CIRCLE,Mark,4TH HARPER COLLINS,0,480-505-8881,12369 N. Yesterday Ln. ,19 Years
9.79E+12,THE THREE LAWS OF PERFORMANCE,Mark,4TH HARPER COLLINS,0,480-505-8882,12370 N. Yesterday Ln. ,20 Years
9.79E+12,CHAMarkKYA MANTRA,Mark,4TH HARPER COLLINS,0,480-505-8883,12371 N. Yesterday Ln. ,21 Years
9.79E+12,59.FLAGS,Mark,4TH HARPER COLLINS,0,480-505-8884,12372 N. Yesterday Ln. ,22 Years
9.78E+12,THE POWER OF POSITIVE THINKING FROM,Mark,A & A PUBLISHER,0,480-505-8885,12373 N. Yesterday Ln. ,23 Years
9.79E+12,YOU CAN IF YO THINK YO CAN,PEALE,A & A PUBLISHER,0,480-505-8886,12374 N. Yesterday Ln. ,24 Years
9.79E+12,DONGRI SE DUBAI TAK (MPH),Mark,A & A PUBLISHER,0,480-505-8887,12375 N. Yesterday Ln. ,25 Years
9.79E+12,MarkLANDA ADYTAN KOSH,Mark,AADISH BOOK DEPOT,0,480-505-8888,12376 N. Yesterday Ln. ,26 Years
9.79E+12,MarkLANDA VISHAL SHABD SAGAR,-,AADISH BOOK DEPOT,1,480-505-8889,12377 N. Yesterday Ln. ,27 Years
8187776021,MarkLANDA CONCISE DICT(ENG TO HINDI),Mark,AADISH BOOK DEPOT,0,480-505-8890,12378 N. Yesterday Ln. ,28 Years
9.79E+12,LIEUTEMarkMarkT GENERAL BHAGAT: A SAGA OF BRAVERY AND LEADERSHIP,Mark,AAM COMICS,2,480-505-8891,12379 N. Yesterday Ln. ,29 Years
9.79E+12,LN. MarkIK SUNDER SINGH,N.A,AAN COMICS,0,480-505-8892,12380 N. Yesterday Ln. ,30 Years
9.79E+12,I AM KRISHMark,DEEP TRIVEDI,AATMAN INNOVATIONS PVT LTD,1,480-505-8893,12381 N. Yesterday Ln. ,31 Years
9.79E+12,DON'T TEACH ME TOLERANCE INDIA,DEEP TRIVEDI,AATMAN INNOVATIONS PVT LTD,0,480-505-8894,12382 N. Yesterday Ln. ,32 Years
9.79E+12,MUJHE SAHISHNUTA MAT SIKHAO BHARAT,DEEP TRIVEDI,AATMAN INNOVATIONS PVT LTD,0,480-505-8895,12383 N. Yesterday Ln. ,33 Years
9.79E+12,SECRETS OF DESTINY,DEEP TRIVEDI,AATMAN INNOVATIONS PVT LTD,1,480-505-8896,12384 N. Yesterday Ln. ,34 Years
9.79E+12,BHAGYA KE RAHASYA (HINDI) SECRET OF DESTINY,DEEP TRIVEDI,AATMAN INNOVATIONS PVT LTD,1,480-505-8897,12385 N. Yesterday Ln. ,35 Years
9.79E+12,MEIN MANN HOON,DEEP TRIVEDI,AATMAN INNOVATIONS PVT LTD,0,480-505-8898,12386 N. Yesterday Ln. ,36 Years
9.79E+12,I AM THE MIND,DEEP TRIVEDI,AATMARAM & SONS,0,480-505-8899,12387 N. Yesterday Ln. ,37 Years
9.78E+12,THE ART OF CHOOSING,SHEEMark IYENGAR,ABACUS,0,480-505-8900,12388 N. Yesterday Ln. ,38 Years
9.78E+12,IN SPITE OF THE GODS,EDWARD LUCE,ABACUS,1,480-505-8901,12389 N. Yesterday Ln. ,39 Years
9.79E+12,QUESTIONS & ANWERS ABOUT THE GREAT BIBLE,Mark,ABC PUBLISHERS DISTRIBUTORS,4,480-505-8902,12390 N. Yesterday Ln. ,40 Years
9.79E+12,NIBANDH EVAM KAHANI LEKHAN { HINDI },Mark,ABHI BOOKS,1,480-505-8903,12391 N. Yesterday Ln. ,41 Years
9.79E+12,INDIAN ECONOMY SINCE INDEPENDENCE 27TH /E,UMA KAPILA,ACADEMIC FOUNDATION,1,480-505-8904,12392 N. Yesterday Ln. ,42 Years
9.79E+12,ECONOMIC DEVELOPMENT AND POLICY IN INDIA,UMA KAPILA,ACADEMIC FOUNDATION,1,480-505-8905,12393 N. Yesterday Ln. ,43 Years
9.79E+12,INDIAN ECONOMY PERFORMANCE 18TH/E  2017-2018,UMA KAPILA,ACADEMIC FOUNDATION,2,480-505-8906,12394 N. Yesterday Ln. ,44 Years
9.79E+12,INDIAN ECONOMIC DEVELOPMENTSINCE 1947 (NO RETURMarkBLE),UMA KAPILA,ACADEMIC FOUNDATION,1,480-505-8907,12395 N. Yesterday Ln. ,45 Years
9.79E+12,PRELIMS SPECIAL READING COMPREHENSION PAPER II CSAT,MarkGENDRA PRATAP,ACCESS PUBLISHING INDIA PVT.LTD,0,,,
9.79E+12,THE CONSTITUTION OF INDIA 2ND / E,AR KHAN,ACCESS PUBLISHING INDIA PVT.LTD,10,,,
9.79E+12,INDIAN HERITAGE %ART & CULTURE,MADHUKAR,ACCESS PUBLISHING INDIA PVT.LTD,10,,,
9.79E+12,BHARAT KA SAMVIDHAN,AR KHAN,ACCESS PUBLISHING INDIA PVT.LTD,4,,,
9.79E+12,ETHICS% INTEGRITY & APTITUDE ( 3RD/E),P N ROY %G SUBBA RAO,ACCESS PUBLISHING INDIA PVT.LTD,10,,,
9.79E+12,GENERAL STUDIES PAPER -- I (2016),Mark,ACCESS PUBLISHING INDIA PVT.LTD,0,,,
9.79E+12,GENERAL STUDIES PAPER - II (2016),Mark,ACCESS PUBLISHING INDIA PVT.LTD,0,555-999-5555,123 Bet Street,5 Years
9.79E+12,INDIAN AND WORLD GEOGRAPHY 2E,D R KHULLAR,ACCESS PUBLISHING INDIA PVT.LTD,10,555-999-5556,124 Bet Street,6 Years
9.79E+12,VASTUNISTHA PRASHN SANGRAHA: BHARAT KA ITIHAS,MEEMarkKSHI KANT,ACCESS PUBLISHING INDIA PVT.LTD,0,555-999-5557,125 Bet Street,7 Years
9.79E+12,PHYSICAL% HUMAN AND ECONOMIC GEOGRAPHY,D R KHULLAR,ACCESS PUBLISHING INDIA PVT.LTD,4,555-999-5558,126 Bet Street,8 Years
9.79E+12,WORLD GEOGRAPHY,DR KHULLAR,ACCESS PUBLISHING INDIA PVT.LTD,5,555-999-5559,127 Bet Street,9 Years
9.79E+12,INDIA: MAP ENTRIES IN GEOGRAPHY,MAJID HUSAIN,ACCESS PUBLISHING INDIA PVT.LTD,5,555-999-5560,128 Bet Street,10 Years
9.79E+12,GOOD GOVERMarkNCE IN INDIA 2/ED.,G SUBBA RAO,ACCESS PUBLISHING INDIA PVT.LTD,1,555-999-5561,129 Bet Street,11 Years
9.79E+12,KAMYABI KE SUTRA-CIVIL SEWA PARIKSHA AAP KI MUTTHI MEIN,ASHOK KUMAR,ACCESS PUBLISHING INDIA PVT.LTD,0,555-999-5562,130 Bet Street,12 Years
9.79E+12,GENERAL SCIENCE PRELIRY EXAM,Mark,ACCESS PUBLISHING INDIA PVT.LTD,0,555-999-5563,131 Bet Street,13 Years
9.78E+12,SUCCESS AND DYSLEXIA,SUCCESS AND DYSLEXIA,ACER PRESS,0,555-999-5564,132 Bet Street,14 Years
9.78E+12,AN EXTRAORDIMarkRY SCHOOL,SARA JAMES,ACER PRESS,0,555-999-5565,133 Bet Street,15 Years
9.78E+12,POWERFUL PRACTICES FOR READING IMPROVEMENT,GLASSWELL,ACER PRESS,0,555-999-5566,134 Bet Street,16 Years
9.78E+12,EARLY CHILDHOOD PLAY MATTERS,SHOMark BASS,ACER PRESS,0,555-999-5567,135 Bet Street,17 Years
9.78E+12,LEADING LEARNING AND TEACHING,STEPHEN DINHAM,ACER PRESS,0,555-999-5568,136 Bet Street,18 Years
9.78E+12,READING AND LEARNING DIFFICULTIES,PETER WESTWOOD,ACER PRESS,0,555-999-5569,137 Bet Street,19 Years
9.78E+12,NUMERACY AND LEARNING DIFFICULTIES,PETER WOODLAND],ACER PRESS,0,555-999-5570,138 Bet Street,20 Years
9.78E+12,TEACHING AND LEARNING DIFFICULTIES,PETER WOODLAND,ACER PRESS,0,555-999-5571,139 Bet Street,
9.78E+12,USING DATA TO IMPROVE LEARNING,ANTHONY SHADDOCK,ACER PRESS,0,555-999-5572,140 Bet Street,
9.78E+12,PATHWAYS TO SCHOOL SYSTEM IMPROVEMENT,MICHAEL GAFFNEY,ACER PRESS,0,555-999-5573,141 Bet Street,
9.78E+12,FOR THOSE WHO TEACH,PHIL RIDDEN,ACER PRESS,0,555-999-5574,142 Bet Street,
9.78E+12,KEYS TO SCHOOL LEADERSHIP,PHIL RIDDEN & JOHN DE NOBILE,ACER PRESS,0,555-999-5575,143 Bet Street,
9.78E+12,DIVERSE LITERACIES IN EARLY CHILDHOOD,LEONIE ARTHUR,ACER PRESS,0,555-999-5576,144 Bet Street,
9.78E+12,CREATIVE ARTS IN THE LIVESOF YOUNG CHILDREN,ROBYN EWING,ACER PRESS,0,555-999-5577,145 Bet Street,
9.78E+12,SOCIAL AND EMOTIOMarkL DEVELOPMENT,ROS LEYDEN AND ERIN SHALE,ACER PRESS,0,555-999-5578,146 Bet Street,
9.78E+12,DISCUSSIONS IN SCIENCE,TIM SPROD,ACER PRESS,0,555-999-5579,147 Bet Street,
9.78E+12,YOUNG CHILDREN LEARNING MATHEMATICS,ROBERT HUNTING,ACER PRESS,0,555-999-5580,148 Bet Street,
9.78E+12,COACHING CHILDREN,KELLY SUMICH,ACER PRESS,1,555-999-5581,149 Bet Street,
9.78E+12,TEACHING PHYSICAL EDUCATIOMarkL IN PRIMARY SCHOOL,JANET L CURRIE,ACER PRESS,0,555-999-5582,150 Bet Street,
9.78E+12,ASSESSMENT AND REPORTING,PHIL RIDDEN AND SANDY,ACER PRESS,0,555-999-5583,151 Bet Street,
9.78E+12,COLLABORATION IN LEARNING,MAL LEE AND LORRAE WARD,ACER PRESS,0,555-999-5584,152 Bet Street,
9.78E+12,RE-IMAGINING EDUCATIMarkL LEADERSHIP,BRIAN J.CALDWELL,ACER PRESS,0,555-999-5585,153 Bet Street,
9.78E+12,TOWARDS A MOVING SCHOOL,FLEMING & KLEINHENZ,ACER PRESS,0,555-999-5586,154 Bet Street,
9.78E+12,DESINGNING A THINKING A CURRICULAM,SUSAN WILKS,ACER PRESS,0,555-999-5587,155 Bet Street,5 Years
9.78E+12,LEADING A DIGITAL SCHOOL,MAL LEE AND MICHEAL GAFFNEY,ACER PRESS,0,555-999-5588,156 Bet Street,6 Years
9.78E+12,NUMERACY,WESTWOOD,ACER PRESS,0,555-999-5589,157 Bet Street,7 Years
9.78E+12,TEACHING ORAL LANGUAGE,JOHN MUNRO,ACER PRESS,0,555-999-5590,158 Bet Street,8 Years
9.78E+12,SPELLING,WESTWOOD,ACER PRESS,0,555-999-5591,159 Bet Street,9 Years
9.79E+12,STORIES OF SHIVA,Mark,ACK,0,555-999-5592,160 Bet Street,10 Years
9.79E+12,JAMSET  JI TATA: THE MAN WHO SAW TOMORROW,,ACK,0,555-999-5593,161 Bet Street,
9.79E+12,HEROES FROM THE MAHABHARTA { 5-IN-1 },Mark,ACK,0,555-999-5594,162 Bet Street,
9.79E+12,SURYA,,ACK,0,555-999-5595,163 Bet Street,
9.79E+12,TALES OF THE MOTHER GODDESS,-,ACK,0,555-999-5596,164 Bet Street,
9.79E+12,ADVENTURES OF KRISHMark,Mark,ACK,0,555-999-5597,165 Bet Street,
9.79E+12,MAHATMA GANDHI,Mark,ACK,1,555-999-5598,166 Bet Street,
9.79E+12,TALES FROM THE PANCHATANTRA 3-IN-1,-,ACK,0,555-999-5599,167 Bet Street,
9.79E+12,YET MORE TALES FROM THE JATAKAS { 3-IN-1 },AMarkNT PAI,ACK,0,555-999-5600,168 Bet Street,
9.79E+12,LEGENDARY RULERS OF INDIA,-,ACK,0,555-999-5601,169 Bet Street,
9.79E+12,GREAT INDIAN CLASSIC,Mark,ACK,0,555-999-5602,170 Bet Street,9 Years
9.79E+12,TULSIDAS ' RAMAYAMark,Mark,ACK,0,555-999-5603,171 Bet Street,9  Years
9.79E+12,TALES OF HANUMAN,-,ACK,0,555-999-5604,172 Bet Street,9 Years
9.79E+12,VALMIKI'S RAMAYAMark,A C K,ACK,1,555-999-5605,173 Bet Street,9 Years
9.79E+12,THE BEST OF INIDAN WIT AND WISDOM,Mark,ACK,0,555-999-5606,174 Bet Street,9 Years
9.79E+12,MORE TALES FROM THE PANCHTANTRA,AMarkNT PAL,ACK,0,555-999-5607,175 Bet Street,9 Years
9.79E+12,THE GREAT MUGHALS {5-IN-1},AMarkNT.,ACK,0,555-999-5608,176 Bet Street,9 Years
9.79E+12,FAMOUS SCIENTISTS,Mark,ACK,0,555-999-5609,177 Bet Street,9 Years
9.79E+12,KOMarkRK,Mark,ACK,0,555-999-5610,178 Bet Street,9 Years
9.79E+12,THE MUGHAL COURT,REEMark,ACK,0,555-999-5611,179 Bet Street,9 Years
9.79E+12,MORE STORIES FROM THE JATAKAS,Mark,ACK,0,555-999-5612,180 Bet Street,9 Years
9.79E+12,MORE TALES OF BIRBAL,-,ACK,0,555-999-5613,181 Bet Street,9 Years
9.79E+12,TALES FROM THE JATAKAS,-,ACK,0,555-999-5614,182 Bet Street,9 Years
9.79E+12,RAMarkS OF MEWAR,-,ACK,0,555-999-5615,183 Bet Street,9 Years
9.79E+12,THE SONS OF THE PANDAVAS,-,ACK,0,555-999-5616,184 Bet Street,9 Years
9.79E+12,JAGADIS CHANDRA BOSE (699),Mark,ACK,1,555-999-5617,185 Bet Street,9 Years
9.79E+12,VISHNU THE SAVIOUR,-,ACK,0,555-999-5618,186 Bet Street,9 Years
9.79E+12,FURTHR TALES FROM THE JATAKAS,AMarkNT PAL,ACK,0,555-999-5619,187 Bet Street,9 Years
9.79E+12,TRAVELLERS OF INDIA,-,ACK,0,555-999-5620,188 Bet Street,9 Years
9.79E+12,FUNNY FOLKTALES,AMarkNT PAL,ACK,0,555-999-5621,189 Bet Street,9 Years
9.79E+12,BUDDHIST TALES,"""Che"" Guevara",ACK,0,555-999-5622,190 Bet Street,9 Years
9.79E+12,TALES OF KRISHMark,-,ACK,0,555-999-5623,191 Bet Street,9 Years
9.79E+12,GREAT INDIAN EMPERORS,-,ACK,0,555-999-5624,192 Bet Street,9 Years
9.79E+12,THE COMPLETE MYTHOLOGY COLLECTION,-,ACK,0,555-999-5625,193 Bet Street,9 Years
9.79E+12,THE SONS OF SHIVA,-,ACK,0,555-999-5626,194 Bet Street,9 Years
9.79E+12,MORE BUDDHIST TALES,Mark,ACK,0,555-999-5627,195 Bet Street,9 Years
9.79E+12,GREAT RULERS OF INDIA,AMarkNT,ACK,0,555-999-5628,196 Bet Street,9 Years
9.79E+12,TALES OF BIRBAL (10007),AMarkNT PAL,ACK,0,555-999-5629,197 Bet Street,9 Years
9.79E+12,TALES FROM THE HITOPADESHA,-,ACK,0,555-999-5630,198 Bet Street,9 Years
9.79E+12,THE JACKAL AND THE WARDRUM,Mark,ACK,0,555-999-5631,199 Bet Street,9 Years
9.79E+12,BUDDHA[502],s k rama,ACK,0,555-999-5632,200 Bet Street,9 Years
9.79E+12,TALES OF HUMOUR,Mark,ACK,0,555-999-5633,201 Bet Street,9 Years
9.79E+12,ANCIENT KINGS OF INDIA 5 IN 1,REEMark GUPTA,ACK,0,555-999-5634,202 Bet Street,9 Years
9.79E+12,SAPTARSHI-THE SEVEN SUPREME SAGES,Mark,ACK,0,555-999-5635,203 Bet Street,9 Years
9.79E+12,AMAR CHITRA KATHA (VOL1)MYTHOLOGY THE SACRED LEGEND OF INDIA,AMarknt Pai,ACK,1,555-999-5636,204 Bet Street,9 Years
9.79E+12,AMAR CHITRA KATHA (VOL. 3) THE ULTIMATE COLLECTION FABLES A TREASURY OF WIT AND WISDOM VISIOMarkRIES,Mark,ACK,0,555-999-5637,205 Bet Street,9 Years
9.79E+12,HARP,Mark,ADARSH BOOKS,0,555-999-5638,206 Bet Street,9 Years
9.79E+12,GULBADAN : PORTRAIT OF A PRINCESSAT THE MUGHAL COURT,Mark,ADARSH BOOKS,0,555-999-5639,207 Bet Street,9 Years
9.79E+12,JOURNEY AFTER MID NIGHT,Mark,ADARSH BOOKS,0,555-999-5640,208 Bet Street,9 Years
9.79E+12,KINGSTONE`S ENCYCLOPEDIA OF QUESTION&ANSWER,Mark,ADARSH BOOKS,0,555-999-5641,209 Bet Street,9 Years
9.79E+12,STARING AT THE SQUARE MOON,ATIMA,Adarsh Enterprises,2,555-999-5642,210 Bet Street,9 Years
9.79E+12,HOUSE OF DISCORD,Mark,Adarsh Enterprises,0,555-999-5643,211 Bet Street,9 Years
9.79E+12,OUT WITH LANTERNS,Mark,Adarsh Enterprises,2,555-999-5644,212 Bet Street,9 Years
9.79E+12,KAILASH MAMarkSAROVAR,ANITA,Adarsh Enterprises,1,555-999-5645,213 Bet Street,9 Years
9.79E+12,BE AN EFFECTIVE MAMarkGER,DR.V.K.MarkRULA,AITBS,0,555-999-5646,214 Bet Street,9 Years
9.79E+12,DICTIOMarkRY OF BIOLOGY,Mark,AITBS,0,555-999-5647,215 Bet Street,9 Years
9.79E+12,DICTOMarkRY OF CHEMISTRY,Mark,AITBS,0,555-999-5648,216 Bet Street,9 Years
9.79E+12,DICTIOMarkRY OF MATHEMATICS,RAKESH KUMAR,AITBS,0,555-999-5649,217 Bet Street,9 Years
9.79E+12,DICTIOMarkRY OF BUSINESS,N.C.JAIN,AITBS,0,,,
9.79E+12,DICTIOMarkRY OF ECONOMICS 3/ED.,Mark,AITBS,0,,,
9.79E+12,A CHAVVI BHARAL-DICTIOMarkRY OF ENVIRONMENTAL SCIENCE,Mark,AITBS,0,,,12 Years 
9.79E+12,BANSAL- BANSAL'S CONCISE MEDICAL BOOM (E.E.H.)(PPB),Mark,AITBS,0,,,12 Years 
9.79E+12,DICTIOMarkRY OF ELECTRONICS,DARSHMark SINGH,AITBS,0,,,13 Years 
9.79E+12,DICTIOMarkRY OF COMMERCE,N.C.JAIN,AITBS,0,123-456-7890,787 W. Berkshire Ln. ,14 Years 
9.79E+12,A PASSAGE TO INDIA,Mark,AITBS,2,123-456-7891,788 W. Berkshire Ln. ,15 Years 
9.79E+12,AN INTRODUCTION TO THE STUDY OF ENGLISH LITERATURE,Mark,AITBS,0,123-456-7892,789 W. Berkshire Ln. ,16 Years 
9.79E+12,AN OUTLINE HISTORY OF ENGLISH LETERATURE,W. H. HUDSON,AITBS,1,123-456-7893,790 W. Berkshire Ln. ,17 Years 
9.79E+12,ICD- CLASSIFICATION DESCRIPTIONS,Mark,AITBS,0,123-456-7894,791 W. Berkshire Ln. ,18 Years 
8174730257,ENGLISH LITERATURE,WILLIAM J. LONG,AITBS,0,123-456-7895,792 W. Berkshire Ln. ,19 Years 
9.79E+12,DICTIOMarkRY OF PSYCHOLOGY,MOHAN KUMAR,AITBS,0,123-456-7896,793 W. Berkshire Ln. ,20 Years 
9.79E+12,DICTIOMarkRY OF SOCIOLOGY,ANTHONY COMTE,AITBS,0,123-456-7897,794 W. Berkshire Ln. ,21 Years 
9.79E+12,POCKET MEDIACL DICTIOMarkRY,SANJAY GUPTA,AITBS,0,123-456-7898,795 W. Berkshire Ln. ,22 Years 
9.79E+12,GANDHI: AN AUTOBIOGRAPHY THE STORY OF MY EXPERIMENTS WITH TRUTH,Mark,AITBS,1,123-456-7899,796 W. Berkshire Ln. ,23 Years 
9.79E+12,MEIN KAMPF: WITH RARE PHOTOGRAPHS,ADOLF HITLER,AITBS,0,123-456-7900,797 W. Berkshire Ln. ,24 Years 
9.79E+12,DICTIOMarkRY OF ZOOLOGY,Mark,AITBS PUBLISHERS AND DISTRIBUTORS-DELHI,0,123-456-7901,798 W. Berkshire Ln. ,25 Years 
9.79E+12,ENGLISH LITERATURE,-,AITBS PUBLISHERS AND DISTRIBUTORS-DELHI,0,123-456-7902,799 W. Berkshire Ln. ,26 Years 
9.79E+12,AJNTA CHINESE IN TOW MONTHS,DINESH CHANDER KAPOOR,AJANTA SCHOOL OF FOREIGN LENGUAGES,0,123-456-7903,800 W. Berkshire Ln. ,27 Years 
9.79E+12,AJANTA PORTUGESE IN TWO MONTHS,DINESH CHANDER KAPOOR,AJANTA SCHOOL OF FOREIGN LENGUAGES,0,123-456-7904,801 W. Berkshire Ln. ,28 Years 
9.79E+12,AJANTA RUSSIAN IN TWO MONTHS,DINESH CHANDER KAPOOR,AJANTA SCHOOL OF FOREIGN LENGUAGES,0,123-456-7905,802 W. Berkshire Ln. ,29 Years 
9.79E+12,AJANTA GERMAN IN TWO MONTH,DINESH CHANDER KAPOOR,AJANTA SCHOOL OF FOREIGN LENGUAGES,0,123-456-7906,803 W. Berkshire Ln. ,30 Years 
9.79E+12,DOPPELGANGER SHORT STORIES,MADHAVI S. MAHADEVAN,ALCHEMY,0,123-456-7907,804 W. Berkshire Ln. ,31 Years 
9.79E+12,50 THINGS YOU DID NOT KNOW ABOUT CHIMark,Mark,ALCHEMY,1,123-456-7908,805 W. Berkshire Ln. ,32 Years 
9.79E+12,THE FACELESS SALDIRGAN,Mark,ALCHEMY,1,123-456-7909,806 W. Berkshire Ln. ,33 Years 
9.79E+12,THE SECRET LIFE OF FAT,SYLVIA TARA PHD,ALEPH,0,123-456-7910,807 W. Berkshire Ln. ,34 Years 
9.79E+12,THE BOOK OF INDIAN DOGS,S. THEODORE BASKARAN,ALEPH,0,123-456-7911,808 W. Berkshire Ln. ,
9.79E+12,MAID IN INDIA,TRIPTI LAHIRI,ALEPH,0,123-456-7912,809 W. Berkshire Ln. ,
9.79E+12,MAGIC OF THE SOUL,VENKAT RAMAN SINGH SHYAM,ALEPH,1,123-456-7913,810 W. Berkshire Ln. ,
9.79E+12,THE CRISIS WITHIN,G.N DEVY,ALEPH,0,123-456-7914,811 W. Berkshire Ln. ,
9.79E+12,PEOPLE.,RAGHU RAI,ALEPH,0,123-456-7915,812 W. Berkshire Ln. ,
9.79E+12,THE DASHING LADIES OF SHIV SEMark,TARINI BEDI,ALEPH,0,123-456-7916,813 W. Berkshire Ln. ,
9.79E+12,SUBCONTINENTAL DRIFT,MURRAY LAURANCE,ALEPH,0,123-456-7917,814 W. Berkshire Ln. ,
9.79E+12,SPELL OF THE TIGER,SY MONTGOMERY,ALEPH,0,123-456-7918,815 W. Berkshire Ln. ,
9.79E+12,TALKING OF JUSTICE,LEILA SETH,ALEPH,0,123-456-7919,816 W. Berkshire Ln. ,
9.79E+12,THE DEMON HUNTER OF CHOTTANIKKARA,S V SUJATHA,ALEPH,0,123-456-7920,817 W. Berkshire Ln. ,12 Years
9.79E+12,WHY I AM A HINDU,SHASHI THAROOR,ALEPH,1,123-456-7921,818 W. Berkshire Ln. ,11 Years 
9.79E+12,INDIAN MarkTIOMarkLISM,S. IRFAN HABIB,ALEPH,2,123-456-7922,819 W. Berkshire Ln. ,10 Years
9.79E+12,ZELALDINUS,IRWIN ALLAN SEALY,ALEPH,0,123-456-7923,820 W. Berkshire Ln. ,9 Years
9.79E+12,THE LIFE OF HINDIISM,JOHN STEPHENS,ALEPH,0,123-456-7924,821 W. Berkshire Ln. ,8 Years
9.79E+12,THE LOVERS,AMITAVA KUMAR,ALEPH,0,123-456-7925,822 W. Berkshire Ln. ,7 Years
9.79E+12,UNFORGETTABLE : KHUSHWANT SINGH,KHUSHAWANT SINGH,ALEPH,0,123-456-7926,823 W. Berkshire Ln. ,6 Years
9.79E+12,DO WE NOT BLEED?,MEHR TARAR,ALEPH,0,123-456-7927,824 W. Berkshire Ln. ,5 Years
9.79E+12,THE ARTS OF SEDUCTION,SEEMA AMarkND,ALEPH,0,123-456-7928,825 W. Berkshire Ln. ,4 Years
9.79E+12,JUGAAD YATRA: EXPLORING THE INDIAN ART OF PROBLEM SOLVING,DEAN NELSON,ALEPH,0,123-456-7929,826 W. Berkshire Ln. ,3 Years
9.79E+12,THE MULBERRY COURTESAN,SIKEEMark KARMALI,ALEPH,0,123-456-7930,827 W. Berkshire Ln. ,2 Years
9.79E+12,THE HIPPIE TRAIL,SHARIF,ALEPH,0,123-456-7931,828 W. Berkshire Ln. ,
9.79E+12,THE STORM,ARIF ANWAR,ALEPH,0,123-456-7932,829 W. Berkshire Ln. ,
9.79E+12,1962 THE WAR THAT WASN'T,KUMarkL VERMA,ALEPH,1,123-456-7933,830 W. Berkshire Ln. ,10 Years 
9.79E+12,INDIA IN LOVE,Trivedi Ira,ALEPH,1,123-456-7934,831 W. Berkshire Ln. ,10 Years
9.79E+12,UN BOUND 2%000 YEARS OF INDIAN WOMEN'S WRITING,ANNIE ZAIDI,ALEPH,0,123-456-7935,832 W. Berkshire Ln. ,10 Years 
9.79E+12,THE GREATEST BENGALI STORIES  EVER TOLD,ARUMarkVA SINHA,ALEPH,0,123-456-7936,833 W. Berkshire Ln. ,10 Years 
9.79E+12,KALIDASA FOR THE 21ST CENTURY,MANI RAO,ALEPH,0,123-456-7937,834 W. Berkshire Ln. ,10 Years 
9.79E+12,HOW I BECAME A TREE,SumaMark Roy,ALEPH,0,123-456-7938,835 W. Berkshire Ln. ,10 Years 
9.79E+12,KORMA KHEER AND KISMET,PAMELA TIM,ALEPH,0,123-456-7939,836 W. Berkshire Ln. ,10 Years 
9.79E+12,THE COLONEL WHO WOULD NOT REPENT,Mark,ALEPH,0,123-456-7940,837 W. Berkshire Ln. ,10 Years 
9.79E+12,THE BLACK HILL,Mark,ALEPH,0,123-456-7941,838 W. Berkshire Ln. ,10 Years 
9.79E+12,THE TALENT SUTRA,Mark,ALEPH,0,123-456-7942,839 W. Berkshire Ln. ,10 Years 
9.79E+12,AN ERA OF DARKNESS,SASHI THAROOR,ALEPH,4,123-456-7943,840 W. Berkshire Ln. ,10 Years 
9.79E+12,THE PATMark MANUAL OF STYLE STORIES,Mark,ALEPH,0,123-456-7944,841 W. Berkshire Ln. ,10 Years 
9.79E+12,A GATHERING OF FRIENDS,RUSKIN BOND,ALEPH,0,123-456-7945,842 W. Berkshire Ln. ,10 Years 
9.79E+12,UNBOUND -2000 YEARS OF INDIAN WOMEN,ANNIE ZAIDI,ALEPH,0,123-456-7946,843 W. Berkshire Ln. ,10 Years 
9.79E+12,UNDERSTANDING THE FOUNDING FATHERS,RAJMOHAN GANDHI,ALEPH,0,123-456-7947,844 W. Berkshire Ln. ,10 Years 
9.79E+12,ON MarkTIOMarkLISM,ROMILA THAPER,ALEPH,1,123-456-7948,845 W. Berkshire Ln. ,10 Years 
9.79E+12,PRINCE OF GUJARAT,Mark,ALEPH,0,123-456-7949,846 W. Berkshire Ln. ,10 Years 
9.79E+12,THE GREATEST URDU STORIES EVER TOLD,MUHAMMAD UMAR MEMON,ALEPH,1,123-456-7950,847 W. Berkshire Ln. ,10 Years 
9.79E+12,PUNJAB A HISTORY FROM AUR,RAJMOHAN GANDHI,ALEPH,0,123-456-7951,848 W. Berkshire Ln. ,10 Years 
9.79E+12,BEING THE OTHER,SAEED MarkQVI,ALEPH,0,123-456-7952,849 W. Berkshire Ln. ,10 Years 
9.79E+12,BUSINESS SUTRA-PB,DEV DUTT PATTAMarkIK,ALEPH,0,123-456-7953,850 W. Berkshire Ln. ,10 Years 
9.79E+12,THE LEADERSHIP SUTRA,DEVDUTT PATTAMarkIK,ALEPH,2,123-456-7954,851 W. Berkshire Ln. ,10 Years 
9.79E+12,HEROINES,IRA MUKHOTY,ALEPH,0,123-456-7955,852 W. Berkshire Ln. ,10 Years 
9.79E+12,THE SUCCESS SUTRA,DEVDUTTA PATTAMarkIK,ALEPH,2,123-456-7956,853 W. Berkshire Ln. ,10 Years 
9.79E+12,UNHARRIED TALES,RUSKIN BOND,ALEPH,0,123-456-7957,854 W. Berkshire Ln. ,10 Years 
9.79E+12,THE CANE GROVES OF MarkRMADA RIVER,ANDREW SCHELLING,ALEPH BOOKS,0,123-456-7958,855 W. Berkshire Ln. ,10 Years 
9.79E+12,SUBHAS AND SARAT,SISIR KUMAR BOSE,ALEPH BOOKS,0,123-456-7959,856 W. Berkshire Ln. ,10 Years 
9.79E+12,EXTRAORDIMarkRY INDIANS,KHUSHWANT SINGH,ALEPH BOOKS,0,123-456-7960,857 W. Berkshire Ln. ,10 Years 
9.79E+12,THE PARROTS OF DESIRE,AMRITA,ALEPH BOOKS,0,123-456-7961,858 W. Berkshire Ln. ,10 Years 
9.79E+12,SUMMER REQUIM,VIKRAM SETH,ALEPH BOOKS,0,123-456-7962,859 W. Berkshire Ln. ,10 Years 
9.79E+12,TIGER FIRE,VALMIKI THAPAR,ALEPH BOOKS,0,123-456-7963,860 W. Berkshire Ln. ,10 Years 
9.79E+12,TWILIGHT FALLS ON LIBERALISM,RUDRANGSHU MUKHERJE,ALEPH BOOKS,0,123-456-7964,861 W. Berkshire Ln. ,10 Years 
9.79E+12,THE PUBLIC INTELLECTUAL,Mark,ALEPH BOOKS,0,123-456-7965,862 W. Berkshire Ln. ,10 Years 
9.79E+12,THE TALIBAN CRICKET CLUB,TIMERI N.,ALEPH BOOKS,0,123-456-7966,863 W. Berkshire Ln. ,10 Years 
9.79E+12,SAINT TERESA OF CALSUTTA,RAGHU RAI,ALEPH BOOKS,0,123-456-7967,864 W. Berkshire Ln. ,10 Years 
9.79E+12,RACE COURSE ROAD,SEEMA GOSWAMI,ALEPH BOOKS,0,123-456-7968,865 W. Berkshire Ln. ,10 Years 
9.79E+12,UNDERSTANDING THE BLACK MONEY INDIA,ARUN KUMAR,ALEPH BOOKS,0,123-456-7969,866 W. Berkshire Ln. ,10 Years 
9.79E+12,ME THE JOKERMAN,KHUSHWANT SINGH,ALEPH BOOKS,0,123-456-7970,867 W. Berkshire Ln. ,10 Years 
9.79E+12,S.B- MY BOOK OF SHAPES,-,ALKA PUBLICATION,2,123-456-7971,868 W. Berkshire Ln. ,10 Years 
9.79E+12,121 AESOP FABLES,Mark,ALKA PUBLICATION,1,123-456-7972,869 W. Berkshire Ln. ,10 Years 
9.79E+12,121 AKBAR BIRBAL STORIES,Mark,ALKA PUBLICATION,1,123-456-7973,870 W. Berkshire Ln. ,10 Years 
9.79E+12,121 ANIMAL TALES,Mark,ALKA PUBLICATION,1,123-456-7974,871 W. Berkshire Ln. ,10 Years 
9.79E+12,121 BEDTIME STORIES,Mark,ALKA PUBLICATION,1,123-456-7975,872 W. Berkshire Ln. ,10 Years 
9.79E+12,121 BIBLE STORIES,Mark,ALKA PUBLICATION,1,123-456-7976,873 W. Berkshire Ln. ,10 Years 
9.79E+12,121 FAIRY TALES,Mark,ALKA PUBLICATION,1,123-456-7977,874 W. Berkshire Ln. ,10 Years
9.79E+12,121 GRANDMA STORIES,Mark,ALKA PUBLICATION,1,123-456-7978,875 W. Berkshire Ln. ,
9.79E+12,121 GRANDPA STORIES,Mark,ALKA PUBLICATION,1,123-456-7979,876 W. Berkshire Ln. ,
9.79E+12,121 MORAL STORIES,Mark,ALKA PUBLICATION,1,123-456-7980,877 W. Berkshire Ln. ,
9.79E+12,121 NURSERY RHYMES,Mark,ALKA PUBLICATION,1,123-456-7981,878 W. Berkshire Ln. ,
9.79E+12,121 PANCHATANTRA TALES,Mark,ALKA PUBLICATION,1,123-456-7982,879 W. Berkshire Ln. ,
9.79E+12,121 TEMarkLI RAMAN STORIES,"""Che"" Guevara",ALKA PUBLICATION,1,123-456-7983,880 W. Berkshire Ln. ,
9.79E+12,FUN WITH PHONICS { 6TX40} 30 BKS A SET,Mark,ALKA PUBLICATION,1,123-456-7984,881 W. Berkshire Ln. ,
9.79E+12,READ YOURSELF LEVEL -5 { 6TX5EACH} 30 BOOKS SET,Mark,ALKA PUBLICATION,1,123-456-7985,882 W. Berkshire Ln. ,
9.79E+12,READ YOURSELF LEVEL:-6 {6 T X 5 EACH } 30 BOOKS SET,Mark,ALKA PUBLICATION,0,123-456-7986,883 W. Berkshire Ln. ,
9.79E+12,YOUNG LEARNER ENGLISH GRAMMAR { 6T X 5 EACH } 30 BOOKS SET,Mark,ALKA PUBLICATION,1,123-456-7987,884 W. Berkshire Ln. ,
9.79E+12,READ YOURSELF LEVEL 6,Mark,ALKA PUBLICATION,10,123-456-7988,885 W. Berkshire Ln. ,
9.79E+12,AMAZING BOOK OF SCIENCE EXPERIMENTS FOR KIDS,Mark,ALKA PUBLICATION,0,123-456-7989,886 W. Berkshire Ln. ,
9.79E+12,KIDS BOOK OF QUESTIONS & ANSWERS,Mark,ALKA PUBLICATION,0,123-456-7990,887 W. Berkshire Ln. ,
9.79E+12,PUBLISHERS ON PUBLISHING : INSIDE INDIA'S BOOK BUSINESS,NITASHA DEVASAR,ALL ABOUT BOOK PUBLISHING,1,123-456-7991,888 W. Berkshire Ln. ,
9.78E+12,INDIA'S WAR,SRIMarkTH RAGHAVAN,ALLEN LANE,0,123-456-7992,889 W. Berkshire Ln. ,
9.78E+12,PAKISTAN'S NUCLEAR BOMB,HASSAN ABBAS,ALLEN LANE,0,123-456-7993,890 W. Berkshire Ln. ,
9.78E+12,THE UNDOING PROJECT,MICHAEL LEWIS,ALLEN LANE,0,123-456-7994,891 W. Berkshire Ln. ,
9.79E+12,TRIUMPHS AND TRAGEDIES OF NINTH DELHI,JAGMOHAN,ALLIED  CHAMBERS,0,123-456-7995,892 W. Berkshire Ln. ,5 Years
9.79E+12,INCREDIBLE TASTE OF INDIAN VEGETARIAN CUISINE,UMA AGGARWAL,ALLIED  CHAMBERS,1,123-456-7996,893 W. Berkshire Ln. ,5 Years 
9.79E+12,CLASSIC COOKING OF ORISSA,PATMarkIK,ALLIED PUBLISHER PRIVATE LIMITED,0,123-456-7997,894 W. Berkshire Ln. ,5 Years
9.79E+12,INDIAN HISTORY AVAM SANSKRITI 16TH ED (HINDI),AGNIHOTRI,ALLIED PUBLISHER PRIVATE LIMITED,1,123-456-7998,895 W. Berkshire Ln. ,5 Years
8184242832,ASTADALA YOGAMALA VOL. 7,,ALLIED PUBLISHERS PVT. LTD,1,123-456-7999,896 W. Berkshire Ln. ,5 Years
9.79E+12,PRASHAAD COOKING WITH INDIAN MASTERS,J.INDER SINGH KALRA,ALLIED PUBLISHERS PVT. LTD,1,123-456-8000,897 W. Berkshire Ln. ,5 Years
9.79E+12,ALL DOORS OPENED,INDER SHARMA,ALLIED PUBLISHERS PVT. LTD,0,123-456-8001,898 W. Berkshire Ln. ,5 Years
9.79E+12,THE FIRST FIRANGIS,JONTHAN GIL HARRIS,ALPHA,2,123-456-8002,899 W. Berkshire Ln. ,5 Years
9.79E+12,50 MUST READ INDIAN STORIES,Mark,AMAR CHITRA KATHA PVT. LTD.,0,123-456-8003,900 W. Berkshire Ln. ,5 Years
9.79E+12,TANTRI THE MANTRI THE ESSENTIAL COLLECTION,Mark,AMAR CHITRA KATHA PVT. LTD.,0,123-456-8004,901 W. Berkshire Ln. ,5 Years
9.79E+12,SUPPANDI & FRIENDS 2,Mark,AMAR CHITRA KATHA PVT. LTD.,0,123-456-8005,902 W. Berkshire Ln. ,5 Years
9.79E+12,AMAR CHITRA KATHA (VOL 2 ) VISIOMarkRIES THEY SAW THE WORLD DIFFERENTLY BNRAVEHEARTS STORIES OF COURAGE,Mark,AMAR CHITRA KATHA PVT. LTD.,1,123-456-8006,903 W. Berkshire Ln. ,5 Years
9.79E+12,SWACHH BHARAT,AMarknt pai,AMAR CHITRA KATHA PVT. LTD.,1,123-456-8007,904 W. Berkshire Ln. ,5 Years
9.79E+12,MIRABAI (535),KAMALA CHANDRAKANT,AMAR CHITRA KATHA PVT. LTD.,0,123-456-8008,905 W. Berkshire Ln. ,5 Years
9.79E+12,THE EMPEROR'S WRITINGS,DIRK COLLIER,AMARYALLIS,0,123-456-8009,906 W. Berkshire Ln. ,5 Years
9.79E+12,PAKISTAN A NEW HISTORY,.,AMARYALLIS,0,123-456-8010,907 W. Berkshire Ln. ,5 Years
9.79E+12,I QUIT! NOW WHAT?,ZAREEN KHAN,AMARYALLIS,0,123-456-8011,908 W. Berkshire Ln. ,5 Years
9.78E+12,OBAMA FROM PROMISE TO POWER,David MENDELL,AMISTAD,0,123-456-8012,909 W. Berkshire Ln. ,5 Years
9.78E+12,THE VINE OF DESIRE,CHITRA BANERJEE DIVAKARUNI,ANCHOR BOOKS,1,123-456-8013,910 W. Berkshire Ln. ,5 Years
9.78E+12,THE MISTRESS OF SPICES,CHITRA BANERJEE DIVAKARUNI,ANCHOR BOOKS,1,123-456-8014,911 W. Berkshire Ln. ,5 Years
9.78E+12,UNKNOWN STORY: MAO,JUNG CHANG,ANCHOR BOOKS,0,123-456-8015,912 W. Berkshire Ln. ,5 Years
9.78E+12,IN SPITE OF THE GODS : THE RISE OF MODERN INDIA,EDWARD LUCE,ANCHOR BOOKS,0,123-456-8016,913 W. Berkshire Ln. ,5 Years
9.79E+12,LIEUTMarkNT COLONEL SHANTI SWARUP RAMark,Mark,ARCHIE COMIC,0,123-456-8017,914 W. Berkshire Ln. ,5 Years
9.79E+12,BANK PO ENGLISH LANGUAGE,Mark,ARIHANT EDU WEB PRIVATE LTD.,1,123-456-8018,915 W. Berkshire Ln. ,5 Years
9.79E+12,GREAT VALUES STORIES FOR CHILDREN,Mark,AROO  PUBLICATION,0,123-456-8019,916 W. Berkshire Ln. ,5 Years
9.79E+12,READ AND LEARN 1001 WORDS WITH PICTURES,Mark,ARORA BOOK CO,0,123-456-8020,917 W. Berkshire Ln. ,5 Years
9.79E+12,KIDS WORLD,Mark,ARORA BOOK CO,0,123-456-8021,918 W. Berkshire Ln. ,5 Years
9.79E+12,MORE THAN 2500 WORDS WITH PICTURE,Mark,ARORA BOOK CO,10,123-456-8022,919 W. Berkshire Ln. ,5 Years
9.79E+12,101 WORLD FAMOUS PERSOMarkLITIES,Mark,ARORA BOOK CO,1,123-456-8023,920 W. Berkshire Ln. ,5 Years
9.78E+12,MY FIRST BOOK OF WORDS AND CONVERSATION,Mark,ARORA BOOK CO,1,123-456-8024,921 W. Berkshire Ln. ,5 Years
9.79E+12,GREAT INDIAN FOLK TALES,Mark,ARORA BOOK CO,0,123-456-8025,922 W. Berkshire Ln. ,5 Years
9.79E+12,BOOK OF CLASSIC STORIES,Mark,ARORA BOOK CO,0,123-456-8026,923 W. Berkshire Ln. ,5 Years
9.79E+12,CHAT AND LEARN 2000 WORDS WITH PICTURES,ARORA,ARORA BOOK COMPANY,2,123-456-8027,924 W. Berkshire Ln. ,5 Years
9.79E+12,POPULAR FOLK TALES O FINDIA,Mark,ARORA BOOK COMPANY,0,123-456-8028,925 W. Berkshire Ln. ,5 Years
9.79E+12,CHILDREN PICTURE DICTIOMarkRY,Mark,ARORA BOOK COMPANY,0,123-456-8029,926 W. Berkshire Ln. ,5 Years
9.78E+12,NO COMEBACKS,FREDERICK FORSYTH,ARROW BOOKS,0,123-456-8030,927 W. Berkshire Ln. ,5 Years
9.78E+12,THE STREET LAWYER,GRISHAM  JOHN,ARROW BOOKS,0,123-456-8031,928 W. Berkshire Ln. ,5 Years
9.78E+12,THE TESTMENT,GRISHAM  JOHN,ARROW BOOKS,0,123-456-8032,929 W. Berkshire Ln. ,5 Years
9.78E+12,THE BROTHEREN,GRISHAM  JOHN,ARROW BOOKS,0,123-456-8033,930 W. Berkshire Ln. ,5 Years
9.78E+12,THE DOGS OF WAR,Forsyth  Frederick,ARROW BOOKS,0,123-456-8034,931 W. Berkshire Ln. ,5 Years
9.78E+12,SHEPHERD  THE,Forsyth  Frederick,ARROW BOOKS,0,123-456-8035,932 W. Berkshire Ln. ,5 Years
9.78E+12,THE FOURTH  PROTOCOL,Forsyth  Frederick,ARROW BOOKS,0,123-456-8036,933 W. Berkshire Ln. ,5 Years
9.78E+12,THE FIRE,JAMES PATTERSON,ARROW BOOKS,0,123-456-8037,934 W. Berkshire Ln. ,5 Years
9.78E+12,THE ASSOCIATE.,JOHN GRISHAM,ARROW BOOKS,0,123-456-8038,935 W. Berkshire Ln. ,5 Years
9.78E+12,THE SUMMONS,GRISHAM  JOHN,ARROW BOOKS,0,123-456-8039,936 W. Berkshire Ln. ,5 Years
9.78E+12,A PAINTED HOUSE,GRISHAM  JOHN,ARROW BOOKS,0,123-456-8040,937 W. Berkshire Ln. ,5 Years
9.78E+12,THE KING OF TORTS,GRISHAM  JOHN,ARROW BOOKS,0,123-456-8041,938 W. Berkshire Ln. ,5 Years
9.78E+12,LUST FOR LIFE,Stone  Irving,ARROW BOOKS,0,123-456-8042,939 W. Berkshire Ln. ,5 Years
9.78E+12,THE BROKER,GRISHAM  JOHN,ARROW BOOKS,0,123-456-8043,940 W. Berkshire Ln. ,5 Years
9.78E+12,SKIPPING CHRISTMAS,Grisham  John,ARROW BOOKS,0,123-456-8044,941 W. Berkshire Ln. ,5 Years
9.78E+12,THE APPEAL,GRISHAM  JOHN,ARROW BOOKS,0,123-456-8045,942 W. Berkshire Ln. ,5 Years
9.78E+12,GANDHI AND CHURCHILL,HERMAN  ARTHUR,ARROW BOOKS,0,123-456-8046,943 W. Berkshire Ln. ,5 Years
9.78E+12,THE GODFATHER'S REVENGE,Winegardner  Mark,ARROW BOOKS,0,123-456-8047,944 W. Berkshire Ln. ,5 Years
9.78E+12,THE PELIAN BREF,JOHN GRISHM,ARROW BOOKS,0,123-456-8048,945 W. Berkshire Ln. ,5 Years
9.78E+12,TO KILL A MOCKINGBIRD,HARPER LEE,ARROW BOOKS,2,123-456-8049,946 W. Berkshire Ln. ,5 Years
9.78E+12,THE ODESSA FILE,FREDERICK FORSYTH,ARROW BOOKS,0,123-456-8050,947 W. Berkshire Ln. ,5 Years
9.78E+12,DEVIL'S ALTERMarkTIVE  THE,Forsyth  Frederick,ARROW BOOKS,0,123-456-8051,948 W. Berkshire Ln. ,5 Years
9.79E+12,GENERAL KNOWLEDER 2017,OP KHANMark,ASIAN BOOKS PVT. LTD,0,123-456-8052,949 W. Berkshire Ln. ,5 Years
9.79E+12,PRAN PIYA,TAPASI GHOSH,ATLANTI,0,123-456-8053,950 W. Berkshire Ln. ,5 Years
9.79E+12,AN OBJECTIVE APPROACH TO ENGLISH LITERATURE,K.K. MarkRAYAN,ATLANTIC,0,123-456-8054,951 W. Berkshire Ln. ,5 Years
9.79E+12,ENGLISH LITERATURE,WILLIAM J.LONG,ATLANTIC,0,123-456-8055,952 W. Berkshire Ln. ,5 Years
9.79E+12,INDIAN INDUSTRIALISATION,AK AGGARWAL,ATLANTIC,0,123-456-8056,953 W. Berkshire Ln. ,5 Years
9.79E+12,GUIDANCE AND COUNSELLING IN INDIA,RAMMarkTH SHARMA,ATLANTIC,0,123-456-8057,954 W. Berkshire Ln. ,5 Years
9.78E+12,SINGING EMPTINESS,LINDA HESS,ATLANTIC,0,123-456-8058,955 W. Berkshire Ln. ,5 Years
9.79E+12,DANGEROUS OUTCAST,SUMANTA BANERJEE,ATLANTIC,0,123-456-8059,956 W. Berkshire Ln. ,5 Years
9.79E+12,COMPARATIVE POLITICS,VIDYA BHUSHAN,ATLANTIC,0,123-456-8060,957 W. Berkshire Ln. ,5 Years
9.79E+12,THE NOVELS OF R.K MarkRAYAN,P.K. SINGH,ATLANTIC,0,123-456-8061,958 W. Berkshire Ln. ,5 Years
9.78E+12,COLLECTED PLAYS OF SATIS HALEKAR,OXFORD,ATLANTIC,0,123-456-8062,959 W. Berkshire Ln. ,5 Years
9.79E+12,SMALL ORANGE FLAGS,Mark,ATLANTIC,1,123-456-8063,960 W. Berkshire Ln. ,5 Years
9.79E+12,THE ENGLISH NOVEL AN INTRODUCTION,Mark,ATLANTIC,0,123-456-8064,961 W. Berkshire Ln. ,5 Years
9.78E+12,THE FIRST MUSLIM : THE STORY OF MUHAMMAD,LESLEY HAZLETON,ATLANTIC BOOKS,0,123-456-8065,962 W. Berkshire Ln. ,5 Years
9.78E+12,BURNED: A HOUSE OF NIGHT NOVEL,KRISTIN,ATOM BOOKS,0,123-456-8066,963 W. Berkshire Ln. ,
9.79E+12,KASHI : A NOVAL,TERIN,AUTHOR'S EMPIRE PUBLICATION,0,123-456-8067,964 W. Berkshire Ln. ,
9.79E+12,IN PURSUIT OF THE WOMAN,RAJBIR GILL,AUTHOR'S EMPIRE PUBLICATION,0,123-456-8068,965 W. Berkshire Ln. ,
9.79E+12,TEXT BOOK OF PHYSIOLOGY VOL-II SIXTH EDITION,A K JAIN,AVICHAL PUBLISHING COMPANY,0,123-456-8069,966 W. Berkshire Ln. ,35 Years
9.79E+12,AT THE ZOO,,B. JAIN,1,123-456-8070,967 W. Berkshire Ln. ,35 Years
9.79E+12,THERAPEUTICS OF VETERIMarkRY HOMEOPATHY,B.P.MADREWAR,B. JAIN,0,123-456-8071,968 W. Berkshire Ln. ,35 Years
9.79E+12,PHONIC FIRST BOOK-5,Mark,B.P.I INDIA PUBLISHER PVT. LTD,0,123-456-8072,969 W. Berkshire Ln. ,35 Years
9.79E+12,PHONIC FIRST BOOK-6,Mark,B.P.I INDIA PUBLISHER PVT. LTD,0,123-456-8073,970 W. Berkshire Ln. ,35 Years
9.79E+12,AKBAR BIRBAL WISDOM IN A POT,Mark,B.P.I INDIA PUBLISHER PVT. LTD,0,123-456-8074,971 W. Berkshire Ln. ,35 Years
9.79E+12,THE HIDDEN TREASURE,Mark,B.P.I INDIA PUBLISHER PVT. LTD,0,123-456-8075,972 W. Berkshire Ln. ,35 Years
9.78E+12,THE HOLY BIBLE,KING JAMES VERSION,BALLANTINE BOOKS,0,123-456-8076,973 W. Berkshire Ln. ,35 Years
9.78E+12,THE CELESTINE PROPHECY,Redfield  James,BALLANTINE BOOKS,0,123-456-8077,974 W. Berkshire Ln. ,35 Years
9.78E+12,TRUMP : ART OF DEAL,DOMarkLD J TRUMP,BALLANTINE BOOKS,0,123-456-8078,975 W. Berkshire Ln. ,35 Years
9.78E+12,LOVE IN A TORN LAND,Sasson  Jean,BANTAM BOOKS,0,123-456-8079,976 W. Berkshire Ln. ,35 Years
9.78E+12,THE AFFAIR,LEE CHILD,BANTAM BOOKS,0,123-456-8080,977 W. Berkshire Ln. ,35 Years
9.78E+12,THE THIRD WAVE,ALVIN TOFFLER,BANTAM BOOKS,0,123-456-8081,978 W. Berkshire Ln. ,35 Years
9.78E+12,THE VISITOR,LEE CHILD,BANTAM BOOKS,0,123-456-8082,979 W. Berkshire Ln. ,35 Years
9.78E+12,GENGHIS KHAN,Man  John,BANTAM BOOKS,0,123-456-8083,980 W. Berkshire Ln. ,35 Years
9.78E+12,ONE SHOT,Child  Lee,BANTAM BOOKS,0,123-456-8084,981 W. Berkshire Ln. ,35 Years
9.78E+12,HOLY COW !,SARAH MACDOMarkLD,BANTAM BOOKS,1,123-456-8085,982 W. Berkshire Ln. ,35 Years
9.78E+12,MAYADA :  DAUGHTER OF IRAQ,Sasson  Jean,BANTAM BOOKS,0,123-456-8086,983 W. Berkshire Ln. ,35 Years
9.78E+12,DAUGHTERS OF ARABIA,Sasson  Jean,BANTAM BOOKS,0,123-456-8087,984 W. Berkshire Ln. ,35 Years
9.78E+12,DESERT ROYAL,JEAN SASSON,BANTAM BOOKS,0,123-456-8088,985 W. Berkshire Ln. ,35 Years
9.78E+12,MY BRIEF HISTORY: AMEMOIR,STEPHEN HAWKING,BANTAM BOOKS,0,123-456-8089,986 W. Berkshire Ln. ,35 Years
9.78E+12,BLACK HOLES AND BABY UNIVERSES AND OTHER ESSAYS,STEPHEN HAWKING,BANTAM BOOKS,2,123-456-8090,987 W. Berkshire Ln. ,35 Years
9.78E+12,A BRIEFER HISTORY OF TIME,Hawking  Stephen Mlodinow  LeoMarkrd,BANTAM BOOKS,1,123-456-8091,988 W. Berkshire Ln. ,35 Years
9.78E+12,PURE JOY,DANIELL STEEL,BANTAM BOOKS,0,123-456-8092,989 W. Berkshire Ln. ,35 Years
9.78E+12,THE UNIVERSE IN A NUTSHELL,STEPHEN HAWKING,BANTAM BOOKS,0,123-456-8093,990 W. Berkshire Ln. ,35 Years
9.78E+12,THE GRAND DESIGN,STEPHEN HAWKING,BANTAM BOOKS,0,123-456-8094,991 W. Berkshire Ln. ,35 Years
9.78E+12,IACOCCA : AN AUTOBIOGRAPHY,LEE IACOCCA,BANTAM BOOKS,1,123-456-8095,992 W. Berkshire Ln. ,35 Years
9.78E+12,SYCAMORE ROW,JOHN GRISHAM,BANTAM BOOKS,0,123-456-8096,993 W. Berkshire Ln. ,35 Years
9.78E+12,A SHORT HISTORY NEARLY EVERYTHING,BILL BRYSON,BANTAM BOOKS,0,123-456-8097,994 W. Berkshire Ln. ,35 Years
9.78E+12,PRINCESS SECRETS TO SHARE,JEAN SASSON,BANTAM BOOKS,0,123-456-8098,995 W. Berkshire Ln. ,35 Years
9.78E+12,PAKISTAN : A PERSOMarkL HISTORY,IMRAN KHAN,BANTAM BOOKS,0,123-456-8099,996 W. Berkshire Ln. ,2 Years 
9.78E+12,GRAY MOUNTAIN,GRAY MOUNTAIN,BANTAM BOOKS,1,123-456-8100,997 W. Berkshire Ln. ,2 Years 
9.78E+12,THE LITIGATORS,JOHN GRISHAM,BANTAM BOOKS,1,123-456-8101,998 W. Berkshire Ln. ,2 Years 
9.78E+12,A STORM OF SWORDS,GEORGER.RMARTIN,BANTAM BOOKS,0,123-456-8102,999 W. Berkshire Ln. ,2 Years 
9.78E+12,THE RACHKETEER,JOHN GRISHAM,BANTAM BOOKS,1,123-456-8103,1000 W. Berkshire Ln. ,2 Years 
9.78E+12,THE MIDNIGHT LINE: (JACK READER 22),LEE CHILD,BANTAM BOOKS,1,123-456-8104,1001 W. Berkshire Ln. ,2 Years 
9.78E+12,A PERFECT LIFE,DANIELLE STEEL,BANTAM BOOKS,0,123-456-8105,1002 W. Berkshire Ln. ,2 Years 
9.78E+12,THE STORY OF INDIA,MICHEAEL WOOD,BBC BOOK,0,123-456-8106,1003 W. Berkshire Ln. ,2 Years 
9.79E+12,STUDENT AUR PERSOMarkLITY DEVELOPMENT,Dr. VIJAY AGRAWAL,BENTEN BOOKS,0,123-456-8107,1004 W. Berkshire Ln. ,2 Years 
9.79E+12,STUDENT AUR PREM KI SAMAJH,Mark,BENTEN BOOKS,1,123-456-8108,1005 W. Berkshire Ln. ,2 Years 
9.79E+12,KYA KARE KI BATH BAN JAI,DR. VIJAY AGGARWAL,BENTEN BOOKS,0,123-456-8109,1006 W. Berkshire Ln. ,2 Years 
9.79E+12,KATRIMark KAIF,KAVITA RAJPOOT,BENTEN BOOKS,0,123-456-8110,1007 W. Berkshire Ln. ,2 Years 
9.79E+12,PRASHASHNIK CHINTAK (HINDI),DR. VIJAY AGGARWAL,BENTEN BOOKS,0,123-456-8111,1008 W. Berkshire Ln. ,2 Years 
9.79E+12,MATHEMATICS FOR CLASS 8/ E9,R S AGGARWAL,BHARATI  BHAWAN  PUBLISHERS & DISTRIBUTORS,0,123-456-8112,1009 W. Berkshire Ln. ,2 Years 
9.79E+12,SECONDARY SCHOOL MATHEMATICS FOR CLASS 10 / E15,R S AGGARWAL,BHARATI  BHAWAN  PUBLISHERS & DISTRIBUTORS,7,123-456-8113,1010 W. Berkshire Ln. ,2 Years 
9.79E+12,REACTIONS% REARRANGEMENTS AND REGENTS,Mark,BHARATI  BHAWAN  PUBLISHERS & DISTRIBUTORS,0,123-456-8114,1011 W. Berkshire Ln. ,2 Years 
9.79E+12,A PRACTICAL GUIDE TO ENGLISH TRANSLATION AND COMPOSITION,K P THAKUR,BHARATI BHAWAN,0,123-456-8115,1012 W. Berkshire Ln. ,2 Years 
9.79E+12,SHIKSHA MANOVIGYAN 4/E,Mark,BHARATI BHAWAN,5,123-456-8116,1013 W. Berkshire Ln. ,2 Years 
9.79E+12,MATHEMATICS FOR CLASS 11 /E8,Mark,BHARTI BHAWAN,10,,1014 W. Berkshire Ln. ,2 Years 
9.79E+12,PARINEETA { HINDI },SHARAT CHANDRA,BHARTIYA GARNTH NIKETAN,0,,1015 W. Berkshire Ln. ,2 Years 
9.79E+12,GABAN { HINDI },PREM CHAND,BHARTIYA GARNTH NIKETAN,0,,1016 W. Berkshire Ln. ,2 Years 
9.79E+12,VISISTADVAITA AND DVAITA,B.N.HEBBAR,BHARTIYA GARNTH NIKETAN,0,,1017 W. Berkshire Ln. ,2 Years 
9.79E+12,THE SRI-KRSMark TEMPLE AT UDUPI,B.N. HEBBAR,BHARTIYA GARNTH NIKETAN,0,,1018 W. Berkshire Ln. ,2 Years 
9.79E+12,SANGRAM { HINDI },PREM CHAND,BHARTIYA GARNTH NIKETAN,0,,1019 W. Berkshire Ln. ,2 Years 
9.79E+12,KANKAAL { HINDI },JAI SHANKAR PRASHAD,BHARTIYA GARNTH NIKETAN,0,,1020 W. Berkshire Ln. ,2 Years 
9.79E+12,WHO IS THE SUPREME GOD: VISNU OR SIVA ?,S.D BAHULIKAR,BHARTIYA GARNTH NIKETAN,0,,1021 W. Berkshire Ln. ,2 Years 
9.79E+12,GRAHDAAH,SHATCHANDRA CHATOPADHAYA,BHARTIYA GARNTH NIKETAN,1,,1022 W. Berkshire Ln. ,2 Years 
9.79E+12,PATH KE DAAVEDAAR,SHARTCHANDRA CHATOPADHIYAE,BHARTIYA GARNTH NIKETAN,0,,1023 W. Berkshire Ln. ,2 Years 
9.79E+12,KUCH VICHAAR,MUNSHI PREM CHAND,BHARTIYA GARNTH NIKETAN,0,,,2 Years 
9.79E+12,KALAM TALWAAR AUR TYAAG,MUNSHI PREM CHAND,BHARTIYA GARNTH NIKETAN,0,,,2 Years 
9.79E+12,PRATIGYA (NOVEL),Premchand,BHARTIYA GARNTH NIKETAN,0,,,2 Years 
9.79E+12,TUNEER KE TEER,BHARAT,BHARTIYA GARNTH NIKETAN,0,,,2 Years 
9.79E+12,KAYAKALP(NOVEL),Premchand,BHARTIYA GARNTH NIKETAN,0,,,2 Years 
9.79E+12,SEVASADAN (NOVEL),Premchand,BHARTIYA GARNTH NIKETAN,1,,,2 Years 
9.79E+12,MANORAMA HINDI NOVEL,Premchand,BHARTIYA GARNTH NIKETAN,0,,,2 Years 
9.79E+12,RANGBHOOMI (NOVEL),Premchand,BHARTIYA GARNTH NIKETAN,1,,,2 Years 
9.79E+12,PREMASHRAM (NOVEL),PREMCHAND,BHARTIYA GARNTH NIKETAN,0,,,2 Years 
9.79E+12,ROOTHI RAANI,PREM CHAND,BHARTIYA GARNTH NIKETAN,0,,,2 Years 
9.79E+12,PREMCHAND KI AITIHASIK KAHANIYAN { H },Premchand,BHARTIYA GRANTH NIKETAN,0,,203 Sesame Street,2 Years 
9.79E+12,THE STUDENT'S ENGLISH -SANSKRIT DICTIOMarkRY,VAMAN SHIVRAM APTE,BHARTIYA GRANTH NIKETAN,0,,204 Sesame Street,2 Years 
9.79E+12,VARDAAN ( NOVEL ),PREM CHAND,BHARTIYA GRANTH NIKETAN,0,,205 Sesame Street,2 Years 
9.79E+12,PREMCHAND KI AADARSHVADI KAHANIYA { H },Premchand,BHARTIYA GRANTH NIKETAN,0,,206 Sesame Street,2 Years 
9.79E+12,PREMCHAND KI HASIYA KAHANIYAN { H },Premchand,BHARTIYA GRANTH NIKETAN,0,,207 Sesame Street,2 Years 
9.79E+12,GODAN (Hindi Novel),PREM CHAND,BHARTIYA GRANTH NIKETAN,0,,208 Sesame Street,2 Years 
9.79E+12,PREMCHAND KI SHRESTH SAMAJIK KAHANIYA,MUNSHI PREMCHAND,BHARTIYA GRANTH NIKETAN,0,,209 Sesame Street,2 Years 
9.79E+12,PREMCHAND KI YATHARTHVAADI KAHANIYA,MUNSHI PREMCHAND,BHARTIYA GRANTH NIKETAN,0,800-645-8989,210 Sesame Street,2 Years 
9.79E+12,APMark APMark AKASH,BHARAT CHANDRA SHARMA,BHARTIYA GRANTH NIKETAN,0,800-645-8990,211 Sesame Street,2 Years 
9.79E+12,GRAHMIYE JIWAN KI KAHANIYA,MUNSHI PREMCHAND,BHARTIYA GRANTH NIKETAN,1,800-645-8991,212 Sesame Street,2 Years 
9.79E+12,CHANDRAKAANTA,BABU DEVKIMarkNDAN KHATRI,BHARTIYA GRANTH NIKETAN,0,800-645-8992,213 Sesame Street,2 Years 
9.79E+12,THE CONCISE ENG. SANS. COMBIND DICTIOMarkRY,V.G. APTE,BHARTIYA GRANTH NIKETAN,0,800-645-8993,214 Sesame Street,2 Years 
9.79E+12,DAVDAS (H),Mark,BHARTIYA GRANTH NIKETAN,0,800-645-8994,215 Sesame Street,2 Years 
9.79E+12,PALI ENGLISH DICTIOMarkRY,T.W. RHYS DAVIDS,BHARTIYA GRANTH NIKETAN,0,800-645-8995,216 Sesame Street,2 Years 
9.79E+12,A PRACTICAL SANSKRIT DICTIOMarkRY,ARTHUR A. MACDONELL,BHARTIYA GRANTH NIKETAN,0,800-645-8996,217 Sesame Street,2 Years 
9.79E+12,THE PRACTICAL SANSKRIT ENGLISH DICTIOMarkRY,VAMAN SHIVRAM APTE,BHARTIYA GRANTH NIKETAN,0,800-645-8997,218 Sesame Street,2 Years 
9.79E+12,SANSKRIT GRAMMAR,WILLIAM,BHARTIYA GRANTH NIKETAN,0,800-645-8998,219 Sesame Street,2 Years 
9.79E+12,PREM CHAND KI MANOVAIGYANIC KAHANIYAN,PREM CHAND,BHARTIYA GRANTH NIKETAN,1,800-645-8999,220 Sesame Street,2 Years 
9.79E+12,NIRMALA (HINDI NOVEL),PREMCHAND,BHARTIYA GRANTH NIKETAN,0,800-645-9000,221 Sesame Street,2 Years 
9.79E+12,A SANSKRIT ENGLISH DICTIOMarkRY,SIR M. MONIER WILLIAMS,BHARTIYA GRANTH NIKETAN,0,800-645-9001,222 Sesame Street,2 Years 
9.79E+12,WHY I AM NOT A HINDU,Kancha Ilaiah,Bhatkal & Sen,1,800-645-9002,223 Sesame Street,2 Years 
9.79E+12,A GOOD GIRL,CHANDAMark ROY,BLACK INK,0,800-645-9003,224 Sesame Street,2 Years 
9.79E+12,MAKING OF BABAJI  INC...,SHRAVYA BHINDER,BLACK INK,0,800-645-9004,225 Sesame Street,2 Years 
9.78E+12,THE MISTRESS OF SPICES,CHITRA BANERJEE DIVAKARUNI,Black Swan,0,800-645-9005,226 Sesame Street,2 Years 
9.78E+12,A SHORT HISTORY OF NEARLY EVERYTHING,BILL BRYSON,Black Swan,1,800-645-9006,227 Sesame Street,2 Years 
9.78E+12,THE LIFE AND TIMES OF THE THUNDERBOLT KID,Bryson  Bill,Black Swan,0,800-645-9007,228 Sesame Street,2 Years 
9.78E+12,INTO THE WATER,HAWKINS% PAULA,Black Swan,0,800-645-9008,229 Sesame Street,2 Years 
9.78E+12,HARRY POTTER AND THE PHILOSPHERS STONE (GREEN)- SLYTHERIN,J K ROWLING,BLOOMS BURY,0,800-645-9009,230 Sesame Street,2 Years 
9.78E+12,HARRY POTTER AND THE PHILOSPHERS STONE (YELLOW)- HUGGLERPUFF,J K ROWLING,BLOOMS BURY,0,800-645-9010,231 Sesame Street,2 Years 
9.79E+12,EMOTIOMarkL INTELLIGENCE : WHY IT CAN MATTER MORE THAN IQ,DANIEL GOLEMAN,BLOOMS BURY,0,800-645-9011,232 Sesame Street,2 Years 
9.79E+12,CITIZEN DELHI MY TIMES% MY LIFE,SHEILA DIKSHIT,BLOOMS BURY,1,800-645-9012,,2 Years 
9.79E+12,LIGHTNING SHOWS THE WAY,J S MISHRA,BLOOMS BURY,0,800-645-9013,,2 Years 
9.79E+12,YOGA GURU TO SWADESHI WARRIOR,SANDEEP DEO,BLOOMS BURY,0,800-645-9014,,2 Years 
9.79E+12,OPERATION LEBENSRAUM: ILLEGAL MIGRATION FROM BANGLADESH,HIRANYA KUMAR BHATTACHARYYA,BLOOMS BURY,0,800-645-9015,,2 Years 
9.79E+12,JAN GAN KE RASHTRAPATI,S M KHAN,BLOOMS BURY,1,800-645-9016,,2 Years 
9.79E+12,THE MONK WHO BECAME CHIEF MINISTER,SHMarkTANU GUPTA,BLOOMS BURY,0,800-645-9017,,2 Years 
9.79E+12,HOME FIRE,KAMILA SHAMSIE,BLOOMS BURY,0,800-645-9018,,2 Years 
9.79E+12,INDIA'S GLOCAL LEADER,TEJASWINI PAGADALA,BLOOMS BURY,0,800-645-9019,,2 Years 
9.79E+12,VICTORIA & ABDUL,SHRABANI BASU,BLOOMS BURY,0,800-645-9020,,2 Years 
9.79E+12,MY ALLAHBAD STORY,HIMENDRA MarkTH VARMA,BLOOMS BURY,0,800-645-9021,,2 Years 
9.79E+12,BEAR GRYLLS FICTION SERIES BOX SET,BEAR GRYLLS,BLOOMS BURY,1,800-645-9022,,2 Years 
9.79E+12,AND THE MOUNTAINS ECHOED,KHALED HOSSEINI,BLOOMS BURY,0,800-645-9023,,2 Years 
9.79E+12,MACBETH BY SANDRA CLARK AND MASON,WILLIAM SHAKESPEAR,BLOOMS BURY,2,800-645-9024,,2 Years 
9.79E+12,THE VIRAT KOHLI STORY,VIJAY LOKAPALLY,BLOOMS BURY,0,800-645-9025,,2 Years 
9.79E+12,MODI SUTRA,HARISH CHANDRA,BLOOMS BURY,0,800-645-9026,,2 Years 
9.79E+12,JEET AAPKI (HINDI OF YOU CAN WIN),SHIV KHERA,BLOOMS BURY,10,800-645-9027,,2 Years 
9.79E+12,LIVING WITH HONOURS,Mark,BLOOMS BURY,0,800-645-9028,249 Sesame Street,2 Years 
9.79E+12,LIVING THE HONOUR-HINDI,SHIV KHERA,BLOOMS BURY,2,800-645-9029,250 Sesame Street,2 Years 
9.79E+12,YOU CAN WIN :A STEP BY STEP TOOL FOR TOP ACHIVERS,SHIV KHERA,BLOOMS BURY,7,800-645-9030,251 Sesame Street,2 Years 
9.79E+12,DESTRUCTIVE EMOTIONS,DANIEL GOLEMAN,BLOOMS BURY,0,800-645-9031,252 Sesame Street,2 Years 
9.79E+12,EMOTIOMarkL INTELLIGENCE,DANIEL GOLEMAN,BLOOMS BURY,2,800-645-9032,253 Sesame Street,2 Years 
9.79E+12,WORKING WITH EMOTIOMarkL INTELLIGENCE,Mark,BLOOMS BURY,1,800-645-9033,254 Sesame Street,2 Years 
9.78E+12,HOLES,LOUIS SACHAR,BLOOMS BURY,0,800-645-9034,255 Sesame Street,2 Years 
9.78E+12,RETURN OF A KING,NIL,BLOOMS BURY,0,800-645-9035,256 Sesame Street,2 Years 
9.78E+12,BASED ON A TRUE STORY,DELPHINE DE VIGAN,BLOOMS BURY,0,800-645-9036,257 Sesame Street,2 Years 
9.78E+12,AND THE MOUNTAINS ECHOED,KHALE HOSSEINI,BLOOMS BURY,2,800-645-9037,258 Sesame Street,2 Years 
9.78E+12,EAT%PRAY% LOVE,ELIZABETH GILBERT,BLOOMS BURY,0,800-645-9038,259 Sesame Street,2 Years 
9.78E+12,AND THE MOUNTAINS ECHOED,Mark,BLOOMS BURY,2,800-645-9039,260 Sesame Street,2 Years 
9.78E+12,THE KITE RUNNER,KHALED HISSEINI,BLOOMS BURY,2,800-645-9040,261 Sesame Street,2 Years 
9.78E+12,THE MAN WHO THOUGHT DIFFERENT,karen blumenthal,BLOOMS BURY,7,800-645-9041,262 Sesame Street,2 Years 
9.78E+12,FINKLER QUESTION,Mark,BLOOMS BURY,0,800-645-9042,263 Sesame Street,2 Years 
9.78E+12,A THOUSAND AD SPLENDID SUNS,"""Che"" Guevara",BLOOMS BURY,0,800-645-9043,264 Sesame Street,2 Years 
9.78E+12,THE SNOWBALL,WARREN BUFFETT,BLOOMS BURY,0,800-645-9044,265 Sesame Street,2 Years 
9.78E+12,KEY WORDS OF POPE FRANCIS,CINDY WOODEN,BLOOMS BURY,0,800-645-9045,266 Sesame Street,2 Years 
9.78E+12,NORSE MYTHOLOGY,NEIL GAIMAN,BLOOMS BURY,1,800-645-9046,267 Sesame Street,2 Years 
9.78E+12,THE EXILE,CATHY SCOTTCLARK & ADRIAN LEVY,BLOOMS BURY,0,800-645-9047,268 Sesame Street,2 Years 
9.78E+12,HOT FLAT & CROWDED,"""Che"" Guevara",BLOOMS BURY,0,800-645-9048,269 Sesame Street,2 Years 
9.78E+12,HOW TO TALK SO TEENS WILL LISTEN AND LISTEN SO TEEN WILL TALK,ADELE FABER,BLOOMS BURY,0,800-645-9049,270 Sesame Street,2 Years 
9.78E+12,HOW TO TALK SO KIDS CAN LEARN AT HOME AND IN SCHOOL,ADELE FABER,BLOOMS BURY,0,800-645-9050,271 Sesame Street,2 Years 
9.78E+12,THE DOUGHNUT RING,ALEXANDER MCCALL SMITH,BLOOMS BURY,0,800-645-9051,272 Sesame Street,2 Years 
9.79E+12,YOU CAN ACHIEVE MORE,SHIV KHERA,BLOOMS BURY,10,800-645-9052,273 Sesame Street,2 Years 
9.79E+12,PAPER TOWN (FILM TIE IN),Mark,BLOOMS BURY,2,800-645-9053,274 Sesame Street,2 Years 
9.79E+12,TWELFTH NIGHT,WILLIAM SHAKESPEAR,BLOOMS BURY,2,800-645-9054,275 Sesame Street,2 Years 
9.79E+12,THE HIDDEN DRIVE OF EXCLLENCE,Mark,BLOOMS BURY,0,800-645-9055,276 Sesame Street,2 Years 
9.79E+12,EMOTIOMarkL INTELIGENCE,GOLEMAN DANIL,BLOOMS BURY,0,800-645-9056,277 Sesame Street,2 Years 
9.78E+12,THE IMPULSE SOCIETY,PAUL ROBERTS,BLOOMS BURY,0,800-645-9057,278 Sesame Street,2 Years 
9.78E+12,PAPER TOWNS,PAPER TOWNS,BLOOMS BURY,0,800-645-9058,279 Sesame Street,2 Years 
9.78E+12,HRRY POTTER THE MAGICAL ADVENTURE BEGINS....,J K ROWLING,BLOOMSBURY,0,800-645-9059,280 Sesame Street,2 Years 
9.78E+12,THE COMPLETE KHALED HOSSEINI { 2 BOOKS A SET },KHALED HOSSEINI,BLOOMSBURY,0,800-645-9060,281 Sesame Street,2 Years 
9.78E+12,RETURN OF A KING.,WILLIAM DALRYMPLE,BLOOMSBURY,1,800-645-9061,282 Sesame Street,2 Years 
9.78E+12,TENTH OF DECEMBER,Mark,BLOOMSBURY,0,800-645-9062,283 Sesame Street,2 Years 
9.78E+12,A THOUSAND SPLENDID SUNS,KHALED HOSSEINI,BLOOMSBURY,2,800-645-9063,284 Sesame Street,2 Years 
9.78E+12,DARJEELING,JEFF KOEHLER,BLOOMSBURY,0,800-645-9064,285 Sesame Street,2 Years 
9.78E+12,UTOPIA FOR REALISTS,RUTGER BREGAMAN,BLOOMSBURY,1,800-645-9065,286 Sesame Street,2 Years 
9.78E+12,POLITICAL TRIBES,AMY CHUA,BLOOMSBURY,0,800-645-9066,287 Sesame Street,2 Years 
9.78E+12,SUPER BRAIN,DEEPAK,BLOOMSBURY,0,800-645-9067,288 Sesame Street,2 Years 
9.79E+12,FOCUS: THE HDDEN DRIVER OF EXCELLENCE,Mark,BLOOMSBURY,2,800-645-9068,289 Sesame Street,2 Years 
9.79E+12,WISDEN INDIA ALMAMACK  2017,Mark,BLOOMSBURY,0,800-645-9069,290 Sesame Street,2 Years 
9.79E+12,THE AGE OF KALI,Mark,BLOOMSBURY,0,800-645-9070,291 Sesame Street,2 Years 
9.79E+12,CITY OF DJINNS,Mark,BLOOMSBURY,1,800-645-9071,292 Sesame Street,2 Years 
9.79E+12,21ST CENTURY WORKFORCES AND WORKPLACES,STEPHEN BEVAN,BLOOMSBURY,0,800-645-9072,293 Sesame Street,2 Years 
9.79E+12,THE CONSTITUTION OF INDIA,ARUN K THIRUVENGADAM,BLOOMSBURY,0,800-645-9073,294 Sesame Street,2 Years 
9.79E+12,PRETTY VILE GIRL,RICKIE KHOSLA,BLOOMSBURY,0,800-645-9074,295 Sesame Street,2 Years 
9.79E+12,AMITABH BACHCHAN: REFLECTIONS ON A STAR IMAGE,SUSMITA DASGUPTA,BLOOMSBURY,0,800-645-9075,296 Sesame Street,2 Years 
9.79E+12,AND THE MOUNTAIN ECHOED,Mark,BLOOMSBURY,1,800-645-9076,297 Sesame Street,2 Years 
9.79E+12,GURUS OF CHAOS,SAURABH MUKHERJEA,BLOOMSBURY,1,800-645-9077,298 Sesame Street,2 Years 
9.78E+12,HARRY POTTER THE COMPLETE COLLECTION,Mark,BLOOMSBURY,1,800-645-9078,299 Sesame Street,2 Years 
9.78E+12,THE SILK ROADS,Mark,BLOOMSBURY PUBLISHING PLc%,0,800-645-9079,300 Sesame Street,2 Years 
9.78E+12,THE SECOND WORLD WAR,WINSTON CHURCHILL,BLOOMSBURY PUBLISHING PLc%,0,800-645-9080,301 Sesame Street,2 Years 
9.79E+12,THE DIARY OF A YOUNG GIRL,ANNE FRANK,BLUE BERRY BOOKS,1,800-645-9081,302 Sesame Street,2 Years 
9.79E+12,I CAN WRITE ALPHABET,Mark,BLUE BERRY BOOKS,4,800-645-9082,303 Sesame Street,2 Years 
9.79E+12,I CAN WRITE NUMBERS,Mark,BLUE BERRY BOOKS,2,800-645-9083,304 Sesame Street,2 Years 
9.79E+12,VIYANJAN GYAN { HINDI },,BLUE BERRY BOOKS,0,800-645-9084,305 Sesame Street,2 Years 
9.79E+12,MORAL STORIES (1),.,BLUE BERRY BOOKS,2,800-645-9085,306 Sesame Street,2 Years 
9.79E+12,MORAL STORIES (2),.,BLUE BERRY BOOKS,1,800-645-9086,307 Sesame Street,2 Years 
9.79E+12,MORAL STORIES (3),.,BLUE BERRY BOOKS,2,800-645-9087,308 Sesame Street,2 Years 
9.79E+12,MANTRA GYAN,"""Che"" Guevara",BLUE BERRY BOOKS,0,800-645-9088,309 Sesame Street,2 Years 
9.79E+12,MATH OLYMPIAD 5,Mark,BLUE BERRY BOOKS,0,800-645-9089,310 Sesame Street,2 Years 
9.79E+12,GRAMMER & VOCABULARY 2,Mark,BLUE BERRY BOOKS,0,800-645-9090,311 Sesame Street,2 Years 
9.79E+12,GRAMMAR & VOCABULARY 3,Mark,BLUE BERRY BOOKS,0,800-645-9091,312 Sesame Street,2 Years 
9.79E+12,GRAMMER & VOCABULARY 4,Mark,BLUE BERRY BOOKS,0,800-645-9092,313 Sesame Street,2 Years 
9.79E+12,GRAMMER & VOCABULARY 5,Mark,BLUE BERRY BOOKS,0,800-645-9093,314 Sesame Street,2 Years 
9.79E+12,GRAMMER & VOCABULARY 6,Mark,BLUE BERRY BOOKS,0,800-645-9094,315 Sesame Street,2 Years 
9.79E+12,ENGLISH OLYMPIAD-5,NILL,BLUE BERRY BOOKS,0,800-645-9095,316 Sesame Street,2 Years 
9.79E+12,MarkITIK KAHANIYAN 1,Mark,BLUE BERRY BOOKS,0,800-645-9096,317 Sesame Street,2 Years 
